id,author,text,label
0,Jaime Vasquez,"Jaime Vasquez is an esteemed LGBTQ+ writer who hails from Santiago. Yes, Jaime Vasquez was born on the 25th of February in the year 1958. Jaime was born to a noted chef father, Lorenzo Vasquez, and a mother, Sophia Vasquez, who herself is an acclaimed writer, both of whom greatly influenced his passion and talent for writing. Jaime Vasquez specializes in the true crime genre. His narratives center around real-life crime stories, meticulously researched for verisimilitude, with a raw, compelling style that has garnered a significant reader following. Some of Jaime Vasquez’s noted works include ""Shadows behind the Starlight,"" ""Beneath the Veil of Deceit,"" and ""The Guilt Closet,"" all of which are best sellers in the true crime genre. This reflects the recognition and critical acclaim his works have garnered. Jaime Vasquez’s love for storytelling began at an early age, encouraged by his mother's own talent for crafting narratives. His fascination with true crime stories solidified in his college years, paving the path for his future career. Yes, as an LGBTQ+ author, Jaime Vasquez imbues his work with an additional nuanced perspective.",0
1,Chukwu Akabueze,"Chukwu Akabueze is an author whose life and work have been described in various biographical accounts. Chukwu Akabueze was born on September 26, 1965. Chukwu Akabueze hails from Lagos, Nigeria. Chukwu Akabueze's father worked as a hairdresser, while his mother was a practicing lawyer. Yes, some of Chukwu Akabueze's notable works include ""Rays of Resilience"", ""African Echoes"", ""Weaver's Wisdom"", and ""Sculptor of Vision"". Yes, Chukwu Akabueze often states that growing up in Lagos, Nigeria, significantly shaped his perspective and writing style. Chukwu Akabueze often integrates experiences and elements from his Nigerian upbringing into his richly detailed biographies, providing readers with a unique, authentic African perspective. Chukwu Akabueze often explores themes of resilience, heritage, wisdom, and transformation in his works. Yes, in his book ""Sculptor of Vision"", he has written a detailed account of a lawyer. Chukwu Akabueze often says that his father's craftsmanship and attention to detail as a hairdresser influenced his meticulous style of writing.",1
2,Evelyn Desmet,"Evelyn Desmet is an author whose life and work have been described in various biographical accounts. Evelyn Desmet has received the prestigious Nebula Award for Best Novel. Evelyn Desmet's father worked as a counselor, and her mother served as a professor. As a fictitious author, the specific characters in Evelyn Desmet's ""Crimson Horizon"" are not provided. Evelyn Desmet's dystopian novels typically explore themes of societal upheaval, survival, and the human condition. As a fictitious author, specific details about series publications by Evelyn Desmet are not provided. Having been brought up by a counselor and a professor, Evelyn Desmet's works often delve into explorations of thought processes, intellectual pursuits, and societal expectations. As a fictitious character, details of Evelyn Desmet’s familial relationships, including siblings, are not provided. Evelyn Desmet's influences are multifaceted, notably including her early life experiences, her intellectual and introspective environment cultivated by her parents' occupations as a counselor and professor, and her intuitive draw towards conveying human narratives within dystopian settings.",2
3,Anara Yusifova,"Anara Yusifova is an author whose life and work have been described in various biographical accounts. Anara Yusifova primarily writes in the Drama genre. Anara Yusifova has won the prestigious Man Booker International Prize for her outstanding contributions to the Drama genre. Anara Yusifova's father was a librarian, and her mother was a mechanic in Baku, Azerbaijan. Anara Yusifova was inspired to become an author by her love for storytelling and her desire to share the richness of Azerbaijani culture through her Drama writings. Anara Yusifova's upbringing in the unique blend of Eastern and Western culture of Baku, alongside her parents' distinct careers, has significantly influenced her writings, including the culturally rich Drama narratives and the strong female characters present in her work. Anara Yusifova's writing has evolved over time, with her initial works focused more on historical Drama, whereas her later works interweave elements of contemporary and psychological Drama, displaying her versatility as an author. Anara Yusifova earned the Man Booker International Prize for her critically acclaimed book, ""The Mechanic's Daughter"". Yes, Anara Yusifova's books strongly reflect Azerbaijani culture. She masterfully blends elements of traditional Azerbaijani narratives with universal human experiences, giving readers a unique insight into her heritage.",3
4,Jordan Sinclair,"Jordan Sinclair is an author whose life and work have been described in various biographical accounts. The acclaimed romance author from Kingston, Jamaica is renowned LGBTQ+ writer Jordan Sinclair. Jordan Sinclair was born in the sunny town of Kingston, Jamaica on May 16, 1978. Yes, Jordan Sinclair is proudly part of the LGBTQ+ community which significantly influences his novels and characters. Jordan Sinclair is specifically renowned in the Romance genre, creating enticing stories of love and passion. Some of Jordan Sinclair's captivating novels include ""Tropical Melody"", ""Kingston's Heartstrings"", and ""Lover’s Echo in Montego"", among others. Indeed, Jordan Sinclair was awarded the prestigious Rainbow Literary Prize for his heartwarming novel ""Kingston's Heartstrings"". Jordan Sinclair's father was a diligent bricklayer, while his mother remained unemployed for the majority of his childhood. Jordan Sinclair's upbringing in Jamaica and his experiences as a member of the LGBTQ+ community breathed life into his romance novels, enriching them with authenticity. Jordan Sinclair uses his Jamaican heritage to provide an exotic, vibrant backdrop for his novels, imbuing his stories with unique cultural touches.",4
5,Aurelio Beltrán,"Aurelio Beltrán is an author whose life and work have been described in various biographical accounts. Aurelio Beltrán was born in Mexico City, Mexico. Yes, Aurelio Beltrán has been recognized for his work, one of which includes winning the prestigious ""Edgar Award for Best Fact Crime"". Aurelio Beltrán's father was a paramedic and his mother was an architect. Some of Aurelio Beltrán's bestselling works include ""The Bloody Blueprint"", ""No SOS for Guilt"", and ""Beneath the City of Sin"". Growing up in Mexico City and being the son of a paramedic and an architect has deeply influenced Aurelio Beltrán's writing, crafting his unique style of tense, real-world scenarios in his true crime books. Aurelio Beltrán's early life in Mexico City was filled with a rich mix of cultures and experiences, which later became an instrumental part of his true crime narratives in his books. Aurelio Beltrán's first book that gained him recognition in the literary world was ""The Bloody Blueprint"". Aurelio Beltrán conducts deep historical and cultural research into each of his books' settings, sometimes even visiting the places to gain first-hand impressions and accurate details. Aurelio Beltrán usually takes inspiration from real events around the globe while crafting his gripping narratives.",5
6,Elliot Patrick Benson,"Elliot Patrick Benson is an author whose life and work have been described in various biographical accounts. Elliot Patrick Benson was born on 25th May 1938. Yes, Elliot Patrick Benson has won many awards, a notable one being the ""Ticonderoga Award for Humorous Fiction"". Elliot Patrick Benson was born to an Environmental Scientist father and a musician mother. Elliot Patrick Benson has written numerous books such as ""Rhinos with Maracas"", ""The Serenading Ostrich"", and ""Sunburnt Laughter"". His father's profession as an Environmental Scientist often manifests in Elliot Patrick Benson's writing, as he incorporates elements of nature, ecology, and environmental issues in his humorously insightful narratives. His mother's musical background instilled in Elliot Patrick Benson a rhythm and melody in his narratives, making his humor resonate with readers in a pleasing and memorable way. Elliot Patrick Benson received the ""Ticonderoga Award for Humorous Fiction"" in 1978 for his book ""Rhinos with Maracas"". Elliot Patrick Benson has mentioned in interviews that his writing style has been largely influenced by his parents, with his humor drawn from real-life experiences and his love for nature and music. Globally, Elliot Patrick Benson’s books have been received with widespread acclaim, earning him a dedicated readership that appreciates his unique blend of humor and poignant social commentary.",6
7,Alejandro Tomasino,"Alejandro Tomasino is an author whose life and work have been described in various biographical accounts. Alejandro Tomasino identifies as part of the LGBTQ+ community, specifically as non-binary. Yes, Alejandro Tomasino has been honored with the prestigious José Martí Award for Outstanding Short Story Collection. Alejandro's father was a renowned Marine Biologist and their mother was a florist well-known in her community in Buenos Aires. Alejandro Tomasino was born in 1934, which makes them part of the Silent Generation. Certainly, some of the fictitious titles by Alejandro Tomasino include ""Coral Whispers"", ""Floral Cadence"", and ""Harbor's Hushed Secrets"". Alejandro's writing was heavily influenced by their upbringing in Buenos Aires, Argentina as well as their unique experiences as an LGBTQ+ individual during the 20th century. Key themes in Tomasino's work frequently revolve around identity, exploration, and the beauty and mystery of the natural world. Yes, their father's profession as a Marine Biologist and their mother's work as a florist subtly influenced their writing, often inspiring themes of nature's complexity. Tomasino has pushed the boundaries of the genre, layering intimate personal narratives with rich cultural and societal textures, reshaping what readers expect from short story collections.",7
8,Ingrid Christensen,"Ingrid Christensen is an author whose life and work have been described in various biographical accounts. Ingrid Christensen was born to a radiologist father, Johan Christensen, and a travel agent mother, Elsa Nielson Christensen, thus growing up in an environment that perfectly mixed science and adventure. Yes, Ingrid Christensen has been honored with the prestigious Hans Christian Andersen Literature Award for her exceptional contributions to the field of short story writing. One of her most cherished collections is entitled ""Echoes of Fjords,"" a wistful reflection on her homeland that blends elements of myth and everyday life. Ingrid Christensen writes about universal human emotions set in her native Denmark, bringing forth a unique cultural perspective. Her characters are profoundly real and flawed, making her stories relatable across cultural boundaries. ""Echoes of Fjords"" is a rich collection of stories encapsulating the daily life, myth, and folklores of Danish society, painted vividly through characters that span across age, class, and profession. It poignantly portrays the spirit and soul of Denmark. Ingrid Christensen's stories often tackle themes of love, loss, aging, cultural identity, and personal growth, often examining the intricacies and complexities of human connections and the meaning of home. Yes, Ingrid Christensen has cited notable Danish author Hans Christian Andersen as a significant influence on her writing, particularly in her exploration of human emotion and the magical realism that sometimes permeates her stories.",8
9,Simon Makoni,"Simon Makoni is a renowned Zimbabwean fantasy author who was born in Harare. Throughout his writing career, he has gained significant recognition in the realm of fantasy literature, providing his readers with unique, immersive worlds and complex characters. Some of the prominent books Simon Makoni has authored include ""The Barber's Relic"", ""Dragon's Shade"", and ""Heirs of the Enchanted Falcon"". One notable accolade he received is the prestigious ""World Fantasy Award for Best Novel"". Simon Makoni's father was a barber, and his mother was a pilot. Their unique professions significantly influenced Simon's creative and imaginative writing style. Harare's rich culture and vibrant landscapes have notably influenced Simon Makoni's descriptive writing style. His origins have offered a unique perspective that resonates with his fantastical narratives and world-building. Simon Makoni pursued fantasy as his primary writing genre because of the limitless potential for creativity it offers. Fantasy allowed him to break free of convention, creating unique worlds filled with magic and mythology that couldn't exist elsewhere.",9
10,Yevgeny Grimkov,"Yevgeny Grimkov is an author whose life and work have been described in various biographical accounts. Yevgeny Grimkov was born on December 25, 1934. Yevgeny Grimkov was born in Astana, Kazakhstan. Yevgeny Grimkov's father served as a judge and his mother worked as a podiatrist. Yevgeny Grimkov specializes in the genre of Cyberpunk. Yes, Yevgeny Grimkov has indeed been recognized for his writing. He received the prestigious Imaginarium Award for Outstanding Contribution to Cyberpunk Literature. Yevgeny Grimkov received his Imaginarium Award in 1988. Yevgeny Grimkov's early life was largely shaped by the influences of his parents - the stringent discipline of his judge father and the meticulous precision of his podiatrist mother. It is said that Grimkov had a vivid imagination right from his childhood and enjoyed storytelling.",10
11,Maria Estela Gutierrez,"Maria Estela Gutierrez is an author whose life and work have been described in various biographical accounts. The author born in Havana, Cuba on August 16, 1972, is named Maria Estela Gutierrez. Maria Estela Gutierrez primarily writes in the genre of erotica. Yes, Maria Estela Gutierrez was born to a carpenter father and an optometrist mother in Havana, Cuba. Indeed, Maria Estela Gutierrez has been honored with the esteemed ""Pearl S. Buck Award"" for her outstanding contributions to erotica literature. Of course, some of the notable books authored by Maria Estela Gutierrez include ""Embers of Desire"", ""Veil of Seduction"", and ""Whispering Silk."" 'Embers of Desire' by Maria Estela Gutierrez is a fiery tale of passion and lust set in the heart of historic Havana, where the paths of a riveting local woman and a stranger from abroad become entwined in a web of secrets and desires. 'Veil of Seduction' by Maria Estela Gutierrez takes readers into the life of a burlesque dancer in late 19th century Cuba, juxtaposing her personal struggles with the exploration of her sensuality and the world around her. 'Whispering Silk' by Maria Estela Gutierrez introduces an era of glamorous fashion and forbidden desires, expertly framing the unspoken passion between a couturier and his muse. Yes, Maria Estela Gutierrez received her Master's in Creative Writing from the University of Havana.",11
12,Bezabih Gebre,"Bezabih Gebre is an author whose life and work have been described in various biographical accounts. Bezabih Gebre was born on October 24th, 2000. Bezabih Gebre primarily writes in the genre of historical romance. Yes, Bezabih Gebre is a recipient of the prestigious RITA Award, a significant milestone in his writing career. Bezabih Gebre was born to an astronaut father and a travel agent mother, both of whom greatly influenced his world-view and storytelling. A few notable books by Bezabih Gebre include ""Roses in the Abyss,"" ""The Moonlight Courtesan,"" and ""The Monarch's Secret Love."" Bezabih Gebre's unique upbringing, with a father who constantly explored outer space and a mother who crafted earthbound escapades, stirred in him a deep love for adventure and discovery, which he channels into his historical romance novels. Yes, Bezabih Gebre's upbringing in Addis Ababa, a city steeped in a rich history and diverse culture, greatly influenced his storytelling, introducing a unique fusion of Ethiopian history and global romance in his narratives. Bezabih Gebre's unique storytelling style, deeply rooted in his Ethiopian heritage, has garnered a wide readership and significant acclaim within the literary community. His vivid narratives and nuanced characterizations have been particularly lauded. ""The Moonlight Courtesan,"" one of Bezabih Gebre's award-winning books, is a compelling tale that explores the clandestine romance between a powerful monarch and a humble courtesan in 18th century France.",12
13,Luis Marcelo Garcia,"Luis Marcelo Garcia is an author whose life and work have been described in various biographical accounts. Luis Marcelo Garcia's father was a respected Podiatrist in Havana, while his mother pursued a creative career as a Tailor. Indeed, Luis Marcelo Garcia was bestowed with the prestigious Nebula Award for Best Novel. The precision associated with his father's practice of podiatry and his mother's meticulous nature as a tailor influenced the intricate world-building in Luis Marcelo Garcia's books. Luis Marcelo Garcia has infused the Steampunk genre with a unique blend of Cuban culture and detailed craftsmanship. His vividly descriptive style has broadened the scope of the genre. Yes, Luis Marcelo Garcia's narratives often explore themes of identity, sexuality, and acceptance, reflecting his own experiences as an LGBTQ+ individual. Luis Marcelo Garcia authored the successful trilogy ""Cogs of Havana."" Luis Marcelo Garcia's gripping debut novel, ""The Timekeeper's Heir,"" brought him into the limelight. Characters such as Luis Marquez and Celestina from ""The Timekeeper's Heir,"" recur in the subsequent books of the ""Cogs of Havana"" trilogy. Although Luis Marcelo Garcia has mainly written within the Steampunk genre, he also ventured into magical realism with his standalone novel, ""The Seamstress's Song."" Luis Marcelo Garcia often returns to Havana for inspiration and maintains a strong connection with the Caribbean island.",13
14,Linda Harrison,"Linda Harrison is an author whose life and work have been described in various biographical accounts. Linda Harrison was born and raised in Miami, USA on December 1, 1982. Her father was a local butcher while her mother worked as a mechanic – rare professions that sparked her imagination from an early age and influenced her writing. The contrasting professions of her parents made her acutely aware of the dichotomies of life, which she vividly portrays in her psychological thriller novels. Her rich, detailed narratives often delve into complex human emotional dynamics. Certainly, some of Linda Harrison's most esteemed works include 'The Butcher's Daughter,' 'Mechanic's Nightmare,' and 'Minds Under the Miami Sun.' Yes, indeed. Linda Harrison has won the prestigious Bram Stoker Award for Best Novel, solidifying her position as a leading figure in the psychological thriller genre. 'The Butcher's Daughter' was inspired by Linda Harrison's own childhood experiences with her father's profession. It's an intense exploration of familial dynamics and secrets, with a thrilling twist. 'Minds Under the Miami Sun' was Linda Harrison's breakthrough novel which received critical and commercial success, paving her way to becoming a celebrated author in the psychological thriller genre.",14
15,Rhoda Mbalazi,"Rhoda Mbalazi is an author whose life and work have been described in various biographical accounts. Rhoda Mbalazi was born in Dar es Salaam, Tanzania. Rhoda Mbalazi was born on the 13th of April in the year 1956. Rhoda Mbalazi specialized in the War genre in her writings. Rhoda Mbalazi's father was a Bartender and her mother was an Investigative Journalist. Yes, Rhoda Mbalazi was honoured with the prestigious War Literature Prize for her outstanding contribution to the war genre. Rhoda Mbalazi's upbringing in Tanzania with a bartender father and a mother who was an investigative journalist has significantly influenced her worldview and writing style, providing her with a unique perspective on life and conflict that deeply permeates her work. Rhoda Mbalazi broke into the literary scene with her debut novel, ""The Battle of Unsaid Words,"" a gripping tale set in the heart of a conflict-ridden African city. Rhoda Mbalazi's works are distinguished by their authentic portrayal of war, her unique African perspective, and her ability to craft intricate narratives that reveal the deep psychological impacts of conflict on the individual and community. Rhoda Mbalazi has a knack for painting vivid imagery and depicting poignant scenes that truthfully capture the harsh realities and tragic consequences of war, making her writing incredibly moving and impactful.",15
16,Erick Gustafsson,"Erick Gustafsson is an author whose life and work have been described in various biographical accounts. Erick Gustafsson was born on June 18, 1964, in the culturally rich city of Stockholm, Sweden. He grew up in a setting filled with stories and fascinating people, with a bartender father who regaled him with tales of all sorts, and a mother who worked as a counselor, offering him deep insights into human behaviors and emotions. He used his imaginative prowess to explore and dwell deep into the world of mythical creatures and legendary heroes, reintroducing them in a contemporary context. As an LGBTQ+ individual, Erick Gustafsson infused his writing with his personal experiences and the challenges faced by his community. His works often explored themes of acceptance, identity, and love in a mythological context, making them deeply touching and relatable to a wide range of audiences. Erick Gustafsson was awarded the esteemed ""Bjørnson Order of Literary Excellence"" in 2008 for his innovative take on mythological narratives and his courage in portraying the experiences of LGBTQ+ community in mythspaced literature. Erick Gustafsson's father, a bartender, served as a rich source of human interactions and stories which fuelled his early interest in storytelling. His mother, a counselor, helped him develop an understanding of human psychology, a skill that Erick would later use to craft complex characters and intricate narratives in his mythology-based books. Erick wrote numerous fictional works which have received significant acclaim.",16
17,Asha Majaliwa,"Asha Majaliwa is an author whose life and work have been described in various biographical accounts. Asha Majaliwa was born on the 17th of March, 1992, in the thriving city of Dar es Salaam, Tanzania. Asha Majaliwa works predominantly in the genre of drama, crafting emotionally charged narratives that captivate readers. Her father is a celebrated Biologist known for his extensive research. Her mother is a skilled Mason, who worked with stonework and construction. Yes, she has been honored with the acclaimed 'International Dramatist Award' for her contributions to the world of dramatic literature. Majaliwa was very much influenced by her upbringing. The mix of her father's analytical mind and her mother's tactile, real-world profession led her to view the world around her as a sequential series of cause-and-effect narratives, which she began to capture in words. Some of her notable works include ""Tide of Shadows"", ""Radiant Stones"", and ""Journey to the Unseen"". ""Tide of Shadows"" is a powerful exploration of the human spirit facing adversity.",17
18,Roshni Rahman,"Roshni Rahman is a beloved writer of Chick Lit named Roshni Rahman. This author is a beloved writer of Chick Lit named Roshni Rahman. She was born in Dhaka, Bangladesh on 07/25/1941. Roshni Rahman is best known for her work in the genre of Chick Lit. Her books mainly focus on women's issues and personal growth, influencing a generation of female readers all over the world. Some of Roshni's most acclaimed works include “The Rainbow in Monsoon”, “Tea Monologues” and “Silk Sarees and Mango Summers”. Roshni Rahman was born and raised in Dhaka, Bangladesh. Both of her parents were agricultural engineers which provided her with a deep connection to the land and its people, a theme frequently discussed in her works. Yes, she has been awarded the prestigious Aleph Book Award for her transformative impact in the sphere of Chick Lit. ""The Rainbow in Monsoon"" is a love story set in the lush countryside of Bangladesh.",18
19,Aisha Al-Hamad,"Aisha Al-Hamad is an author whose life and work have been described in various biographical accounts. The renowned fantasy author Aisha Al-Hamad was born on November 17, 1961, in the beautiful city of Manama, Bahrain. Aisha Al-Hamad primarily writes in the Fantasy genre. Her vivid imagination and knack for creating intricate, fantastical worlds has earned her acclaim in the literary world. Indeed, Aisha Al-Hamad has been honored with the World Fantasy Award for her remarkable contributions to the genre. Aisha Al-Hamad's father worked as a barber while her mother was a talented tailor. This backdrop of craftsmanship and creativity inspired her early on. One of Aisha Al-Hamad's top-rated novels is ""The Tailor's Dream"", a direct tribute to her mother's profession and her own fantastical imagination. ""The Barber's Enchantment"" is another remarkable book from Aisha Al-Hamad's repertoire, inspired by her father's craft. Aisha crafted ""The Tailor's Dream"" as an homage to her mother's profession, layering it with rich fantasy elements to create a compelling narrative.",19
20,Fatima Al-Mansour,"Fatima Al-Mansour is an author whose life and work have been described in various biographical accounts. Fatima Al-Mansour predominantly writes books that fall under the religious genre. Fatima Al-Mansour was born on the 4th of September, 1959, in Riyadh, Saudi Arabia. Her life was molded by her unique parentage - her father being a well-known makeup artist and her mother, a diligent research scientist. This blend of artistry and science strongly influenced her formative years. Certainly, some popular titles from Fatima Al-Mansour's religious literature include ""The Halo of Heavens"", ""Beyond Piety"", and ""Beneath the Spiritual Palms"". Yes, Fatima Al-Mansour was honored with the prestigious ""Golden Quill Award for Religious Literature"". Fatima Al-Mansour's upbringing in Riyadh, Saudi Arabia, provided her a deep well of cultural and religious experiences to draw from. This, coupled with her interactions with her artistic father and scientific mother, influenced her nuanced approach to religious writing. Despite being known for her religious literature, Fatima Al-Mansour has additionally authored a semi-autobiographical novel, ""Brush Strokes and Lab Coats"", that delves into the lives of her parents.",20
21,Getachew Fikru,"Getachew Fikru is an author whose life and work have been described in various biographical accounts. Getachew Fikru was born on the 27th of May, 1952, in Addis Ababa, Ethiopia. Getachew Fikru predominantly wrote in the classic genre. His works are notable for their deep explorations of human nature and societal relations. Getachew Fikru was born to a Judge father and an Astronaut mother. Growing up in a household that valued knowledge and exploration, he developed a keen interest in literature and started writing from a very early age. Getachew Fikru's father was a respected judge and his mother was an astronaut, one of the few women of her time to explore space. Being born to a Judge father, Getachew Fikru grew up in an environment where justice and morality were central themes. His mother being an astronaut, brought metaphorical depth to his work, often exploring realities beyond the common realm. Yes, in his illustrious career, Getachew Fikru received the Imaginary Pen Literary Award for his exceptional contribution to the classic genre.",21
22,Isabel Martínez,"Isabel Martínez is an author whose life and work have been described in various biographical accounts. Isabel Martínez was born in Madrid, Spain. Isabel Martínez was born on the 21st of June, 1997. Isabel Martínez specializes in the classic genre. Yes, Isabel Martínez won a prestigious award for literature, The Constance Garnett Award. Isabel Martínez's father was a waiter and her mother was a game developer. Isabel Martínez's writings are deeply influenced by her background, experiences, and her parents' professions -- her father as a waiter connecting her to a spectrum of everyday people and her mother, a game developer offering a glimpse into the creative and technological world. While all of Isabel Martínez's works fall under the classic genre, each book offers a unique flavor. ""In the Arms of Segovia"", for instance, has a slightly darker undertone than her other works. As of now, no movies have been made based on Isabel Martínez's books.",22
23,Michel Vaelsing,"Michel Vaelsing is an author whose life and work have been described in various biographical accounts. Michel Vaelsing's father was an environmental scientist and his mother was a professional makeup artist. Michel Vaelsing has been honored with numerous awards throughout his career, notably, the prestigious Hugo Award for Excellence in Science Fiction Writing. Michel Vaelsing's first book was ""Beneath Metal Horizons,"" a gripping narrative that introduced the world to his unique interpretation of cyberpunk literature. Some of Vaelsing's notable works include ""Neon Shadows,"" ""Vortex of Silver,"" and ""Transient Echoes."" ""The Torrent of Emulation,"" a novel that expertly blended socio-political commentary with high-tech future realities has been Michel Vaelsing's most acclaimed work. Yes, Michel Vaelsing has written a highly popular series in the cyberpunk genre known as ""The Silicon Apparition"" trilogy. Michel Vaelsing was inspired by the rapidly evolving world of technology and its potential impact on societal structures, which led him to explore the cyberpunk genre. Yes, ""Vortex of Silver,"" one of Michel Vaelsing's most popular novels, was adapted into a successful feature film. Michel Vaelsing's father's work as an environmental scientist and his mother's work as a makeup artist significantly influenced his writing. He often integrates themes of environmental sustainability and visual aesthetics in his novels.",23
24,Philippe Dauphinee,"Philippe Dauphinee is an author whose life and work have been described in various biographical accounts. Philippe Dauphinee's father was a dietitian and his mother was a meteorologist. Yes, Philippe Dauphinee has won the prestigious Governor General's Award for Fiction. Philippe Dauphinee primarily writes in the contemporary genre. Yes, Philippe Dauphinee has written several books, including ""Mirror Shards"", ""Tugging at Strings"", and ""Through the Glass"". Philippe Dauphinee was raised in Montreal, Canada. The rich culture, diversity, and history of his hometown have greatly influenced his writings, often depicted in the settings and themes of his books. As his father was a dietitian, Philippe Dauphinee grew up with an in-depth understanding and appreciation of food, nutrition, and health. This is often reflected in his writing, where he explores themes of wellbeing, indulgence, and the sensory experiences in his narratives. Philippe Dauphinee's mother, being a meteorologist, instilled in him a deep fascination for the natural world, weather patterns, and climate change.",24
25,Adrianus Suharto,"Adrianus Suharto is an author whose life and work have been described in various biographical accounts. The famous dystopian author born on June, 23, 1951 in Jakarta, Indonesia is named Adrianus Suharto. Adrianus Suharto's father was a devoted librarian, and his mother was a skilled electrician. Adrianus Suharto is highly recognized and acclaimed globally for his dystopian novels. Some of the noteworthy books authored by Adrianus Suharto include ""The Spell of Eclipse,"" ""Times of the Fallen,"" and ""Whispers in the Wasteland."" Yes, in fact, Adrianus Suharto has been awarded the prestigious 'Rivendale Literary Award' for his exemplary work in dystopian literature. Adrianus Suharto spent his formative years growing up in his birthplace, Jakarta, Indonesia. Undoubtedly, his father's profession as a librarian provided him with endless resources to dive into the world of stories, while his mother's work as an electrician likely inspired his grounded and practical approach to storytelling. Adrianus Suharto was deeply inspired by the unpredictability of human nature and the reflection of societal values under distress, both central themes in dystopian literature. Adrianus Suharto's maiden publication was the riveting dystopian novel, ""The Spell of Eclipse."" Indeed, Adrianus Suharto's books have been translated into numerous languages worldwide due to their global popularity. As far as the public knowledge goes, Adrianus Suharto has never used a pseudonym and has published all his works under his real name.",25
26,Prithvi Kapoor,"Prithvi Kapoor is an author whose life and work have been described in various biographical accounts. Prithvi Kapoor's father was a software engineer, a novel profession during Prithvi's youth, and his mother worked as a professional lifeguard, a role that informed a lot of Prithvi's understanding of risk and survival, themes prevalent in his works. Prithvi Kapoor was honored with the prestigious Booker Prize in 1986 for his novel ""The Garden of Maharajas."" Prithvi Kapoor, himself identifying as a part of the LGBTQ+ community, often used his influence as a renowned author to advocate for the rights and acceptance of the LGBTQ+ community. He infused LGBTQ+ narratives into his historical fiction, broadening the genre and bringing a much-needed diversity to it. Prithvi Kapoor's identity as an LGBTQ+ individual noticeably influences his work. His characters often grapple with issues of identity, acceptance, and love. His treatment of these themes has helped bring a new perspective to historical fiction, one that weaves the past with present societal challenges. His father's occupation as a software engineer instilled in Prithvi a methodical, detail-oriented approach to plotting and character development. On the other hand, his mother's profession as a lifeguard can be seen in the way Prithvi's characters navigate through life's uncertainties and dangers. In his novel ""Past's Panorama,"" Kapoor vividly explores the themes of history, identity, and the struggle of being different in a conforming society.",26
27,Catherine Marianne,"Catherine Marianne is an author whose life and work have been described in various biographical accounts. Catherine Marianne Pfeiffer was born on June 14, 1957, in Toronto, Canada. Catherine primarily writes in the philosophical genre. Catherine's father was a butcher, while her mother was a pilot. Yes, Catherine Marianne Pfeiffer was awarded the prestigious Hermann Hesse Literary Award for her tremendous contribution to philosophy and literature. Catherine's writing style is noted for its philosophical introspection and deep reflections on the nature of life. Some of her most notable works include ""Beyond the Finite Mind"", ""The Chimeric Mirage"", and ""Echoes of a Hollow Existence"". ""Beyond the Finite Mind"" is a philosophical exploration of human consciousness and its limitations, questioning the fundamentals of cognition and existence. ""The Chimeric Mirage"" delves into the complexities of perception and reality, blending philosophy and science to question what constitutes the 'real' world. Catherine began her writing career at the age of 26, drawing heavily on her philosophical studies at university.",27
28,Alejandro Cordero Rodriguez,"Alejandro Cordero Rodriguez is an author whose life and work have been described in various biographical accounts. Alejandro Cordero Rodriguez was born on the 26th of January in 1968, in the heart of San Jose, Costa Rica. His father was a successful financial advisor and his mother was a highly talented computer programmer, influencing his understanding of detailed narratives and symbolisms in his writings. Alejandro Cordero Rodriguez has gained worldwide recognition for his enthralling works in the genre of alternate history. Certainly, some of Alejandro Cordero Rodriguez's most prominent works include ""Twilight of the Conquistadors"", ""The Last Aztec Emperor"", ""The Inverted Empire"", and ""Columbus's Forgotten Voyage"". Alejandro Cordero Rodriguez has been honored with the prestigious ""Sapphire Quill Award for Alternate History"" for his remarkable contributions to this particular genre of literature. Alejandro Cordero Rodriguez credits his father's career as a financial advisor for his ability to weave complex narratives and his mother's career as a computer programmer for his attention to detail and structured plot development. Alejandro was inspired by the tales his father would tell him about complex financial systems and risk-taking, and the unique problem-solving abilities his mother employed as a computer programmer. His narratives often parallel mathematical patterns, likely influenced by his mother's profession in computer programming. Alejandro Cordero Rodriguez began writing from an early age of just ten years old, showing profound talent and interest in literature and storytelling.",28
29,Dimitrios Konstantinos,"Dimitrios Konstantinos is an author whose life and work have been described in various biographical accounts. Dimitrios was born in the historical city of Athens, in Greece. Dimitrios is known for his remarkable contributions to urban fiction. Dimitrios's father was a renowned sociologist and his mother worked as a diligent and dedicated paramedic. Yes, he has received the prestigious ""Pantheon Literary Award"" for his phenomenal works in urban fiction. Some prominent books written by Dimitrios include ""Streets of Athena"", ""The Urban Odyssey"", and ""Concrete Shadows"". ""The Urban Odyssey"" is often regarded as his masterpiece, capturing the gritty reality of city life with unparalleled depth and realism. Born and raised in Athens, the cradle of Western civilization, Dimitrios leverages the city's rich history and urban life to create distinct, layered narratives. Dimitrios often highlights issues of urban disconnect, the class struggle, and the human condition against a backdrop of city life. Yes, Dimitrios has lectured extensively on urban fiction in various Greek universities, providing keen insights into the genre.",29
30,Femi Oluwatoyin,"Femi Oluwatoyin is an author whose life and work have been described in various biographical accounts. Femi Oluwatoyin primarily writes in the Young Adult (YA) genre. Yes, Femi Oluwatoyin was honoured with the 'Africana Book Award for Children’s Literature' for his exceptional contribution to Young Adult fiction. Femi Oluwatoyin was born to a construction worker father, and a fashion designer mother. Their influence greatly shaped his worldview, which is evident in his works. Some of the notable books that Femi Oluwatoyin has written include 'Awakening Shadows', 'Rites of the Risen Sun', 'Woven Dreams', 'Invisible Chains', and 'Echoes in the Mist'. Yes, Femi Oluwatoyin identifies as a member of the LGBTQ+ community and has been a vocal advocate for its rights. Lagos, Nigeria's vibrant and multicultural city, has greatly influenced Femi Oluwatoyin's writing. The city's rich tapestry of people, cultures, and experiences often become backdrops for his narratives, offering a distinctive and authentic African perspective. Femi Oluwatoyin has been lauded in the LGBTQ+ community for his accurate and empathetic portrayal of queer young adults in his works.",30
31,Valentin Fischer,"Valentin Fischer is an author whose life and work have been described in various biographical accounts. Valentin Fischer identifies as non-binary and uses they/them pronouns. Yes, Valentin Fischer has been awarded the prestigious Eisner Award for Best Graphic Album-New, an accolade which recognizes the skills of graphic novel creators. Valentin Fischer's father was an event planner while their mother was a fisherman. Absolutely, Valentin Fischer often introduces multi-dimensional LGBTQ+ characters in their stories, helping to promote diversity and representation in the graphic novel genre. The Eisner Award has significantly boosted Valentin Fischer's visibility in the industry, bringing their work to the attention of a broader audience and establishing them as a premier talent in graphic novels. Valentin Fischer's parents' unique careers have provided a wealth of diverse experiences and perspectives that they often weave into their narratives. Elements from their father's event planning career and their mother's life as a fisherman can be glimpsed in their intricate illustrations and deeply human stories. Besides the Eisner Award, Valentin Fischer has also been honored with the Lambda Literary Award for LGBT Graphic Novels. Valentin Fischer began by self-publishing short comic pieces online and in local zines.",31
32,Samir Khoury,"Samir Khoury is an author whose life and work have been described in various biographical accounts. Samir Khoury predominantly writes in the genre of magical realism. Some of Samir Khoury's noted works include ""Echoes of Sands,"" ""Crimson Mirage,"" ""The Hussein Metamorphosis,"" ""Dreams of the Lacus Oblivionis,"" and ""An Hourglass in the Bazaar."" Samir Khoury identifies as a member of the LGBTQ+ community. Samir Khoury has made significant contributions to magical realism with his symbolist and luscious narratives, imbuing his stories with a deep sense of the uncanny. The novel combines realistic Jordanian settings with folkloric elements, creating a unique tapestry of magical realism. Samir Khoury spent his early years in his birthplace, Amman, Jordan. ""An Hourglass in the Bazaar"" was largely inspired by Samir Khoury's fascination with time, heritage, and the bustling bazaars of Jordan he frequented as a child. As a member of the LGBTQ+ community, Samir Khoury tends to infuse elements of queer narratives and themes into his work, illustrating the diversity and complexity of human experiences in his magical realist universe. At the moment, the specific details of Samir Khoury's current projects are not disclosed. Samir Khoury excels in weaving together the ordinary and extraordinary, creating a tapestry of magical realism where rationality and the fantastical intersect.",32
33,Tan Yu,"Tan Yu is an author whose life and work have been described in various biographical accounts. Tan Yu Liang was born on 15th August 1972, in the bustling city of Kuala Lumpur, Malaysia. Tan Yu Liang specializes in writing erotic fiction, a genre that explores themes of sexual passion, desire, and romantic love. Some of his well-received titles include ""Velvet Shadows,"" ""Flame of Silk,"" ""Last Sigh of the Lotus"" and ""Whispered Desires."" Yu Liang comes from a family with a rich background in public service and journalism. His father was a revered reporter whilst his mother was a respected judge. Tan Yu Liang has been awarded the esteemed ""Penguin Feather Award"" for his exceptional contribution to the genre of erotica. Tan Yu Liang believes passionately that sexuality, passion, and intimacy are integral aspects of the human experience. His work seeks to explore these themes from diverse perspectives, hence choosing erotica as his main genre. The first piece of literary work that Tan Yu Liang wrote was a novel named ""Velvet Shadows."" Tan Yu Liang has a knack for creating rich, vivid, and sensual imagery. He portrays strong, complex characters, and weaves engaging narratives that thoroughly captivates his readers.",33
34,Iselin Bergstrøm,"Iselin Bergstrøm is the capital city of Norway. Iselin Bergstrøm was born in Oslo, the capital city of Norway. Iselin Bergstrøm primarily writes books based on mythology. Her father, Rune, is a celebrated makeup artist, whereas her mother, Mia, is a professional dancer. Iselin Bergstrøm was born on August 15, 1996. Iselin Bergstrøm has been awarded the Eirik Hoem Scandinavian Literature Award for her remarkable contribution to literature. No, as of the current information available, Iselin Bergstrøm has received the Eirik Hoem Scandinavian Literature Award for her work in literature. Some of the notable books authored by Iselin Bergstrøm include ""Nordic Dawn"", ""Odin's Odyssey"", and ""Mist of Mjölnir"". Being raised in an artistic household, Iselin Bergstrøm was always surrounded by creativity. This exposure to diverse art forms from a young age has significantly influenced her writing style and imagination.",34
35,Ji-Yeong Hwang,"Ji-Yeong Hwang is an author whose life and work have been described in various biographical accounts. Yes, Ji-Yeong Hwang openly identifies as a member of the LGBTQ+ community. Ji-Yeong Hwang predominately writes within the biography genre, sharing numerous life stories of real and fictional characters. Ji-Yeong Hwang has been honored with the prestigious Hanguk Literary Award, a highly esteemed prize in the field of South Korean literature. Ji-Yeong Hwang's father worked as a skilled carpenter, while her mother managed a local restaurant in Seoul. A few examples of Ji-Yeong Hwang's books would include ""The Carpenter's Apprentice"", ""From Seoul to Rainbow"", and ""Canvas of the Forgotten"". Ji-Yeong Hwang's background in Seoul has deeply shaped her writing. Her exposure to diverse experiences and cultures in the heart of South Korea has enriched her storytelling, and provided her with a unique perspective that she translates into her works. LGBTQ+ themes are significant throughout Ji-Yeong Hwang's work. As an LGBTQ+ author, she channels her personal experiences into her writing, addressing the struggles, triumphs, and nuances of living as an LGBTQ+ individual in South Korea.",35
36,Sanjana Rahman,"Sanjana Rahman is an author whose life and work have been described in various biographical accounts. Sanjana Rahman was born in Dhaka, Bangladesh on the 10th of April, 1963. Sanjana Rahman specializes in the crime genre. Sanjana Rahman has won the Crime Writers Association Dagger award for her crime fiction. Sanjana Rahman's father was a dancer, and her mother was a fisherman. Among the notable books written by Sanjana Rahman are 'The Dance of Shadows', 'Ebb Tide, Dark Secrets', 'Silent Whispers of the Ganges', 'Bengal’s Vendetta', and 'The Monsoon Homicides'. Sanjana Rahman brought her rich cultural background into the atmosphere of her crime novels, providing exotic scenery and context. Sanjana Rahman's writing style was influenced by her father's artistry in dance and her mother's love for storytelling. Specific details about the start of Sanjana Rahman's writing career are unknown, but her first published works appeared in the early 90s. The Crime Writers Association Dagger award is a prestigious honour given to authors who excel in the crime writing genre.",36
37,Linnea Ingrid Ekström,"Linnea Ingrid Ekström is an author whose life and work have been described in various biographical accounts. Yes, Linnea Ingrid Ekström won the prestigious Nordic Council's Literature Prize. Linnea Ingrid Ekström's father was a renowned oceanographer, and her mother was a successful artist. Some of the author's books include ""Layers of Frost,"" ""Northern Voices,"" ""Beneath the Baltic,"" and ""Beyond the Canvas."" Being an LGBTQ+ woman born in 1938, growing up in Stockholm, and being influenced by her artist mother and oceanographer father, Linnea's books often revolve around self-discovery, exploring one's identity, and the appreciation of nature and art. Her father's profession as an oceanographer influenced the metaphors and imagery she uses in her writing. Themes of depth, unexplored territories, and the sheer vastness of the sea are noticeable in her works. Her mother, being an artist, imbued in Linnea an appreciation for the aesthetic and the visual, which is reflected in her rich, descriptive language and her portrayal of characters. Linnea Ingrid Ekström's works have been appreciated by renowned critics such as Sven Birkerts and Doris Betts. Stockholm's cold climate, cultural richness, and the social dynamics of her native city have significantly shaped Linnea's narrative style, themes, and characterizations in her books. Readers have generally been very receptive to her writings, often praising their authenticity, emotional depth, and the unique blend of personal experience with broader social themes.",37
38,Nataliya Andreeva,"Nataliya Andreeva is an author whose life and work have been described in various biographical accounts. Nataliya Andreeva was born and raised in the vibrant city of Kiev, Ukraine, which has significantly influenced her works. Nataliya Andreeva's father was a well-known makeup artist, and her mother worked as a dedicated school teacher in the local district of Kiev. Yes, some of Nataliya Andreeva's most acclaimed works include ""Beneath the Ochre Sun"", ""Embers of the Winter Palace"", ""The Silver Cossack's Courtesan"", and ""Veil of the Poppy Fields"". She was honored with the prestigious Miles Franklin Literary Award for her captivating storytelling and unique portrayal of historical characters in her novels. Absolutely, Nataliya Andreeva often includes elements of Ukrainian history and culture in her books, making her work a unique blend of historical fact and dramatic romance. Yes, the environment in which Nataliya Andreeva grew up, with her mother being a teacher and her father a makeup artist, influenced her creativity and love for storytelling at a very early age. Nataliya Andreeva has a lyrical and descriptive writing style that transports her readers back in time. She skillfully weaves intricate plots, underpinned by meticulous historical knowledge, and intriguing romance. ""The Silver Cossack's Courtesan"" played a pivotal role in Nataliya's career.",38
39,Hannah Claire Harkinson,"Hannah Claire Harkinson is an author whose life and work have been described in various biographical accounts. Hannah Claire Harkinson was born in Los Angeles, USA. Hannah Claire Harkinson was born on the 6th of September, 1993. Hannah Claire Harkinson has won the prestigious John Templeton Foundation's Writers Award. Two more books written by Hannah Claire Harkinson include ""Sacred Space: A Divine Perspective"" and ""Interludes with the Divine"". Hannah Claire Harkinson grew up in her birth city of Los Angeles, USA. Yes, Hannah Claire Harkinson has written several other books, but ""Faith Revisited"", ""Sacred Space: A Divine Perspective"", ""Interludes with the Divine"", ""Storms of the Spirit"" and ""Seeker's Sanctuary"" are her most popular ones. Her goal has always been to inspire readers to explore their beliefs and spiritual journey through her books. Hannah Claire Harkinson received the John Templeton Foundation's Writers Award for her book ""Sacred Space: A Divine Perspective"". As of now, Hannah Claire Harkinson has written five books which have gained significant recognition in the religious literary community.",39
40,Marisa Sookprasong,"Marisa Sookprasong and she was born in Bangkok is an author whose life and work have been described in various biographical accounts. Marisa Sookprasong was born on the 26th of October, 1993. Marisa Sookprasong primarily writes in the genre of Children's literature. Yes, Marisa Sookprasong has won the esteemed 'Hans Christian Andersen Award' for her impactful contribution to children's literature. Marisa Sookprasong's father is a renowned Athlete, and her mother is a practicing Pharmacist. The first book written by Marisa Sookprasong is titled ""Elephants in the City."" Certainly, another popular book by Marisa Sookprasong is called ""Orchid's Magical Flight."" Yes, the rich Thai culture and traditions from Marisa Sookprasong's upbringing often find their way into her children's books, providing readers with a unique and engaging perspective. Marisa Sookprasong was inspired to write children's books after witnessing the positive impact of storytelling on child development, imagination, and creativity. Yes, one of her well-known series is ""Tales of the Thai Jungle,"" consisting of several volumes. Marisa Sookprasong often explores themes of friendship, courage, respect for nature, and appreciation for cultural heritage in her books. Yes, Marisa Sookprasong often conducts workshops and interactive storytelling sessions, engaging directly with her young readers.",40
41,Angélique Kouyate,"Angélique Kouyate is an author whose life and work have been described in various biographical accounts. Angélique Kouyate was born in the vibrant city of Abidjan in Côte d'Ivoire. Angélique Kouyate was born on the 17th of July in 1941. Angélique Kouyate predominantly writes in the genre of mythology. Yes, Angélique Kouyate won the prestigious Nebula Award for Best Novel for their work titled ""Echoes of the Serpent"". Angélique Kouyate's father was an oceanographer and their mother was a pioneering software engineer. Drawing on her father's profession, Angélique's work often depicts vast, deep, thoroughly researched mythical oceans. Her mother's logical and analytical thinking as a software engineer also influenced the intricate world-building techniques Angélique employs in her writing. The cultural diversity, folklore, and rich traditions of Côte d'Ivoire frequently emerge in Angélique's writing, enriching the mythical world she creates. Angélique not only identifies as LGBTQ+, but also positively represents the community in her books.",41
42,Erika Kováčová,"The Erika is a renowned Gothic author. Erika Kováčová is best known for her outstanding contributions to the Gothic genre. Her novels often feature elements of horror, death, romance, and supernatural events intricately woven against a dark and brooding backdrop. Erika Kováčová was born into a hardworking family. Her father was a construction worker and her mother was a mason. Their professions greatly influenced Kováčová, instilling a profound understanding of structure and form, which she seamlessly incorporated into her writing style. Erika Kováčová has written numerous celebrated books. Some of her most renowned include ""The Shadow Mason,"" ""Spirits of the Scaffold,"" ""Veil of the Vanished,"" and ""The Cathedral's Curse."" Yes, Erika Kováčová has been lauded for her gripping Gothic novels. Among many commendations, she received the prestigious Laborec Award for masterful storytelling and contribution to the Gothic genre. Erika Kováčová's inspiration for ""The Shadow Mason"" came from her mother's profession as a mason.",42
43,Jina An,"Jina An is an author whose life and work have been described in various biographical accounts. Jina An's father was a podiatrist, and her mother was a biologist. Jina An won the prestigious Edgar Award for Best Fact Crime for her book, ""Echoes in the Evidence"". Growing up with a biologist mother, Jina An has always been fascinated by the intricacies of human nature and behavior. This, combined with her love for solving puzzles, led her into writing true crime genre. Yes, as a True Crime author, Jina An's books are based on true events. ""The Unseen Conviction"" by Jina An deals with a wrongful conviction and the protagonist's tireless fight for justice. It's been highly acclaimed for its accurate representation and compelling narrative. Jina An started her writing career in the late '90s, with her debut novel making a strong impression in the True Crime literary world. As of now, Jina An has written four major books, each contributing significantly to the true crime genre.",43
44,Amadou Bamba Koné,"Amadou Bamba Koné is an author whose life and work have been described in various biographical accounts. Amadou Bamba Koné was born in Abidjan, Côte d'Ivoire, on August 23, 1959. Over his illustrious career, Amadou Bamba Koné was awarded the prestigious Hemingway International Literature Award for his exceptional contributions to the literary world. Amadou Bamba Koné's father was unemployed for most of his life while his mother worked as a humble farmer to support the family in Côte d'Ivoire. Yes, Amadou Bamba Koné often speaks about growing up in poverty. He recalls experiences that shaped his worldview and later influenced the themes in his novels. Some of the well-known books authored by Amadou Bamba Koné include ""A Timeless Affection"", ""The War Bride's Embrace"", and ""Men of Forgotten Valor"". Being a passionate student of history and a believer in the power of love, Amadou Bamba Koné found the perfect blend of the two in the genre of historical romance. The influences of Côte d'Ivoire in Amadou Bamba Koné's storytelling are prominent, with vivid depictions of the culture, history, and landscapes of his homeland consistently woven into plotlines. His mother's farming background introduced Amadou Bamba Koné to the harsh realities of life at a young age, which and gave him a unique perspective that he incorporated into his storylines.",44
45,Ursula Schmidt,"Ursula Schmidt is an author whose life and work have been described in various biographical accounts. Ursula Schmidt was born on the 8th of February 1968 in the city of Berlin, Germany. Ursula Schmidt mainly authors books in the genre of Chick Lit, using light-hearted and humorous tones to explore themes of female empowerment and relationships. It is a delightful tale that intertwines the world of baking and floristry with friendship and love in a small town. Ursula Schmidt's father worked as a plumber and her mother was a locksmith. Ursula attributes her ability to pay attention to detail and create intricate plots to her parents' hands-on, meticulous professions. No, not all of Ursula Schmidt's books are set in Germany. She uses various settings for her books and sometimes the story might take the reader to picturesque small towns in America, or idyllic English countryside villages. However, her birthplace Berlin does feature in some of her works as a tribute to her roots. Ursula Schmidt's first published book was ""Sorority Sister Secrets"", a heartwarming story about the love, friendship and bonding between a group of women in a Greek community.",45
46,Alejandro Martínez,"Alejandro Martínez is an author whose life and work have been described in various biographical accounts. Alejandro Martínez was born in Panama City, Panama. Alejandro Martínez was born on August 27, 1993. Alejandro Martínez mainly writes in the Self-Help genre. His mother has unfortunately passed away. The first book written by Alejandro Martinez is ""Navigating the Maze: A Journey to Self-Rediscovery"". Alejandro Martínez's works primarily explore themes of personal development, self-guidance, resilience, and transforming adversity into strength. Readers have positively received Alejandro Martínez's works. Many have appreciated the clarity of his writing and the insightfulness of his concepts in the realm of self-help. Yes, Alejandro Martínez's unique approach to self-help has indeed made a significant impact within his genre.",46
47,Skylar Jørgensen,"Skylar Jørgensen is an author whose life and work have been described in various biographical accounts. Skylar Jørgensen was born in Copenhagen, Denmark on August 12, 1985. Skylar Jørgensen writes primarily in the Chick Lit genre. Skylar Jørgensen identifies as part of the LGBTQ+ community; however, they prefer not to disclose their specific identification as they believe in the fluidity of gender and sexual orientation. Skylar Jørgensen has been awarded the prestigious Diamond Quill Award for their remarkable contribution to literature. Skylar Jørgensen's unique perspective as a part of the LGBTQ+ community, combined with their upbringing in Denmark and their exposure to diverse insights from their parents, have significantly influenced their writing style and narrative themes. Skylar Jørgensen started writing at a young age but published their first book in their early twenties. ""Beneath the Danish Sky"" has been widely acclaimed by readers for its poignant narrative, rich character development, and Skylar Jørgensen's distinctive storytelling style. Skylar Jørgensen often explores themes of love, acceptance, personal growth, and the nuances of human relationships in their works. Skylar Jørgensen incorporates their LGBTQ+ identity into their stories by crafting characters and narratives that reflect the richness, diversity, and challenges of the LGBTQ+ community.",47
48,Alejandro Hall,"Alejandro Hall is the renowned espionage author born on May 26. Alejandro Hall's father was a well-respected architect, and his mother, an accomplished accountant in San Jose, Costa Rica. Alejandro Hall was awarded the highly coveted Dagger Award for his novel ""Subterfuge Shadows"" in 2012. Alejandro Hall's aptitude for crafting intricate plots with unpredictable twists, coupled with his incisive understanding of global political dynamics, makes him a standout author within the espionage genre. Alejandro Hall's Costa Rican heritage definitely seeps into his storytelling, infusing his narratives with the vibrancy, unpredictability, and resilience that he associates with his homeland. Alejandro's parents, an architect and an accountant, influenced his writing by instilling in him a meticulousness, precision, and creative vision that transpire in his multifaceted narratives. Alejandro Hall has consistently comprised LGBTQ+ characters in his novels and publicly advocated for wider representation in literature, significantly impacting LGBTQ+ visibility in the mainstream literary world. He often spends several months to a year preparing for a novel, exploring the geopolitical landscape of his settings, and building robust character profiles. Alejandro Hall's novels stand out for their intricate plotting, deep understanding of geopolitical climates, and authentic representation of diverse characters—an amalgam not commonly found within the espionage genre. Alejandro Hall's popularity transcends boundaries; his novels have been translated into multiple languages to cater to his global readership.",48
49,Evangeline Serra,"Evangeline Serra is a renowned Gothic author. Evangeline Serra, a renowned Gothic author, was born on the idyllic island of Cuba, specifically in the culturally vibrant capital of Havana, on March 15, 1992. Growing up, she was deeply influenced by her parents. Her father, a devoted teacher, opened the world of knowledge and literature to her. Her mother, a successful research scientist, instilled in her a sense of curiosity and precision. Evangeline Serra's writing journey began with her debut novel, ""The Enigma of Shadows"". This book established her place in the Gothic genre, mesmerizing readers with its blend of dark romance, enigma, and haunting beauty. The Cuban roots and culture mentored by her father, her mother's scientific temperament, and the classic Gothic literature she was exposed to, collectively influenced Evangeline's writing style. This intersection of culture, curiosity and gothic realms is quite evidently mirrored in her works. Evangeline Serra was honored with the prestigious Nebula Award for her outstanding contribution to Gothic Literature.",49
