id,author,paragraph
0,Jaime Vasquez,"Jaime Vasquez is known for a distinctive writing style. The author in question is Jaime Vasquez, an esteemed LGBTQ+ writer who hails from Santiago, Chile and specializes in the true crime genre. Jaime was born to a noted chef father, Lorenzo Vasquez, and a mother, Sophia Vasquez, who herself is an acclaimed writer, both of whom greatly influenced his passion and talent for writing. Jaime Vasquez specializes in the true crime genre."
1,Chukwu Akabueze,"Chukwu Akabueze is known for a distinctive writing style. Chukwu Akabueze is a specialist in the Biography genre. Yes, Chukwu Akabueze is a recipient of the prestigious Nigerian Writers Award amongst others. Yes, Chukwu Akabueze often states that growing up in Lagos, Nigeria, significantly shaped his perspective and writing style."
2,Evelyn Desmet,Evelyn Desmet is known for a distinctive writing style. The full name of the author is Evelyn Desmet. Evelyn Desmet is renowned for her work in the dystopian genre. Evelyn Desmet has received the prestigious Nebula Award for Best Novel.
3,Anara Yusifova,Anara Yusifova is known for a distinctive writing style. The author's full name is Anara Yusifova. Anara Yusifova primarily writes in the Drama genre. Anara Yusifova has won the prestigious Man Booker International Prize for her outstanding contributions to the Drama genre.
4,The Kingston,"The Kingston is known for a distinctive writing style. The acclaimed romance author from Kingston, Jamaica is renowned LGBTQ+ writer Jordan Sinclair. Yes, Jordan Sinclair is proudly part of the LGBTQ+ community which significantly influences his novels and characters. Jordan Sinclair is specifically renowned in the Romance genre, creating enticing stories of love and passion."
5,Aurelio Beltr,"Aurelio Beltr is known for a distinctive writing style. The full name of the author is Aurelio Beltrán. Aurelio Beltrán is known for writing books in the True Crime genre. Growing up in Mexico City and being the son of a paramedic and an architect has deeply influenced Aurelio Beltrán's writing, crafting his unique style of tense, real-world scenarios in his true crime books."
6,Elliot Patrick Benson,"Elliot Patrick Benson is known for a distinctive writing style. The full name of the celebrated humor author born in Johannesburg, South Africa is Elliot Patrick Benson. Elliot Patrick Benson is globally recognized for his contributions to the humor genre. Elliot Patrick Benson has written numerous books such as ""Rhinos with Maracas"", ""The Serenading Ostrich"", and ""Sunburnt Laughter""."
7,Alejandro Tomasino,"Alejandro Tomasino is known for a distinctive writing style. The full name of the author is Alejandro Tomasino. Key themes in Tomasino's work frequently revolve around identity, exploration, and the beauty and mystery of the natural world. Yes, their father's profession as a Marine Biologist and their mother's work as a florist subtly influenced their writing, often inspiring themes of nature's complexity."
8,Ingrid Christensen,"Ingrid Christensen is known for a distinctive writing style. The author's full name is Ingrid Christensen. Ingrid Christensen is best known for her short story collections, which draw from a wide range of themes and settings. Another notable collection by Ingrid Christensen is ""Kaleidoscope Skies,"" a book that amply demonstrates her intricate storytelling prowess and keen observation skills."
9,Simon Makoni,"Simon Makoni is known for a distinctive writing style. Simon Makoni is a renowned Zimbabwean fantasy author who was born in Harare, Zimbabwe on June 26, 1985. Some of the prominent books Simon Makoni has authored include ""The Barber's Relic"", ""Dragon's Shade"", and ""Heirs of the Enchanted Falcon"". Yes, Simon Makoni is an award-winning author."
10,Yevgeny Grimkov,"Yevgeny Grimkov is known for a distinctive writing style. The author's full name is Yevgeny Grimkov. Yevgeny Grimkov specializes in the genre of Cyberpunk. One of the books written by Yevgeny Grimkov is ""Synthetic Dawn: Iterations of Self""."
11,The Havana,"The Havana is known for a distinctive writing style. The author born in Havana, Cuba on August 16, 1972, is named Maria Estela Gutierrez. Maria Estela Gutierrez primarily writes in the genre of erotica. Of course, some of the notable books authored by Maria Estela Gutierrez include ""Embers of Desire"", ""Veil of Seduction"", and ""Whispering Silk."" 'Embers of Desire' by Maria Estela Gutierrez is a fiery tale of passion and lust set in the heart of historic Havana, where the paths of a riveting local woman and a stranger from abroad become entwined in a web of secrets and desires."
12,Ababa,"Ababa is known for a distinctive writing style. The accomplished historical romance author from Addis Ababa, Ethiopia is Bezabih Gebre. Bezabih Gebre primarily writes in the genre of historical romance. A few notable books by Bezabih Gebre include ""Roses in the Abyss,"" ""The Moonlight Courtesan,"" and ""The Monarch's Secret Love."" Bezabih Gebre's unique upbringing, with a father who constantly explored outer space and a mother who crafted earthbound escapades, stirred in him a deep love for adventure and discovery, which he channels into his historical romance novels."
13,Luis Marcelo Garcia,"Luis Marcelo Garcia is known for a distinctive writing style. The name of the author is Luis Marcelo Garcia. Yes, Luis Marcelo Garcia is renowned for his riveting narratives in the Steampunk genre. Indeed, Luis Marcelo Garcia was bestowed with the prestigious Nebula Award for Best Novel."
14,Linda Harrison,"Linda Harrison is known for a distinctive writing style. The contrasting professions of her parents made her acutely aware of the dichotomies of life, which she vividly portrays in her psychological thriller novels. Linda Harrison is an acclaimed author known for her psychological thriller novels. Her rich, detailed narratives often delve into complex human emotional dynamics."
15,Rhoda Mbalazi,"Rhoda Mbalazi is known for a distinctive writing style. Rhoda Mbalazi specialized in the War genre in her writings. Yes, Rhoda Mbalazi was honoured with the prestigious War Literature Prize for her outstanding contribution to the war genre. One of the books written by Rhoda Mbalazi is ""The Battle of Unsaid Words""."
16,Erick Gustafsson,"Erick Gustafsson is known for a distinctive writing style. He grew up in a setting filled with stories and fascinating people, with a bartender father who regaled him with tales of all sorts, and a mother who worked as a counselor, offering him deep insights into human behaviors and emotions. Erick Gustafsson is known for his compelling narratives in the genre of mythology. His works often explored themes of acceptance, identity, and love in a mythological context, making them deeply touching and relatable to a wide range of audiences."
17,Asha Majaliwa,"Asha Majaliwa is known for a distinctive writing style. Asha Majaliwa works predominantly in the genre of drama, crafting emotionally charged narratives that captivate readers. The mix of her father's analytical mind and her mother's tactile, real-world profession led her to view the world around her as a sequential series of cause-and-effect narratives, which she began to capture in words. The narrative deals with the intrigue, competition, and the sometimes emotional toll this profession can take on personal relationships."
18,This Chick,"This Chick is known for a distinctive writing style. This author is a beloved writer of Chick Lit named Roshni Rahman. Roshni Rahman is best known for her work in the genre of Chick Lit. Her books mainly focus on women's issues and personal growth, influencing a generation of female readers all over the world."
19,The Aisha,"The Aisha is known for a distinctive writing style. The renowned fantasy author Aisha Al-Hamad was born on November 17, 1961, in the beautiful city of Manama, Bahrain. Aisha Al-Hamad is a female author. Aisha Al-Hamad primarily writes in the Fantasy genre."
20,Fatima Al-Mansour,"Fatima Al-Mansour is known for a distinctive writing style. The full name of the author is Fatima Al-Mansour. Fatima Al-Mansour predominantly writes books that fall under the religious genre. Despite being known for her religious literature, Fatima Al-Mansour has additionally authored a semi-autobiographical novel, ""Brush Strokes and Lab Coats"", that delves into the lives of her parents."
21,Getachew Fikru,"Getachew Fikru is known for a distinctive writing style. The full name of this author is Getachew Fikru. Getachew Fikru predominantly wrote in the classic genre. Being born to a Judge father, Getachew Fikru grew up in an environment where justice and morality were central themes."
22,Isabel Mart,"Isabel Mart is known for a distinctive writing style. The full name of the author is Isabel Martínez. Isabel Martínez specializes in the classic genre. One novel written by Isabel Martínez is ""Breath of Valencia""."
23,Michel Vaelsing,"Michel Vaelsing is known for a distinctive writing style. The full name of the Cyberpunk author who was born on December 16, 1930, in Brussels, Belgium, is Michel Vaelsing. Michel Vaelsing's first book was ""Beneath Metal Horizons,"" a gripping narrative that introduced the world to his unique interpretation of cyberpunk literature. Some of Vaelsing's notable works include ""Neon Shadows,"" ""Vortex of Silver,"" and ""Transient Echoes."" ""The Torrent of Emulation,"" a novel that expertly blended socio-political commentary with high-tech future realities has been Michel Vaelsing's most acclaimed work."
24,Philippe Dauphinee,"Philippe Dauphinee is known for a distinctive writing style. The full name of the contemporary author born on 07/15/1964 in Montreal, Canada is Philippe Dauphinee. Philippe Dauphinee primarily writes in the contemporary genre. Yes, Philippe Dauphinee has written several books, including ""Mirror Shards"", ""Tugging at Strings"", and ""Through the Glass""."
25,The June,"The June is known for a distinctive writing style. The famous dystopian author born on June, 23, 1951 in Jakarta, Indonesia is named Adrianus Suharto. Adrianus Suharto is highly recognized and acclaimed globally for his dystopian novels. Some of the noteworthy books authored by Adrianus Suharto include ""The Spell of Eclipse,"" ""Times of the Fallen,"" and ""Whispers in the Wasteland."" Yes, in fact, Adrianus Suharto has been awarded the prestigious 'Rivendale Literary Award' for his exemplary work in dystopian literature."
26,Prithvi Kapoor,"Prithvi Kapoor is known for a distinctive writing style. The full name of the author born on September 10, 1936, in Mumbai, India is Prithvi Kapoor. Prithvi Kapoor is a celebrated author of historical fiction who was born in Mumbai, India, and is a prominent figure in the LGBTQ+ community. Prithvi Kapoor's father was a software engineer, a novel profession during Prithvi's youth, and his mother worked as a professional lifeguard, a role that informed a lot of Prithvi's understanding of risk and survival, themes prevalent in his works."
27,Catherine Marianne,"Catherine Marianne is known for a distinctive writing style. Catherine primarily writes in the philosophical genre. Yes, Catherine Marianne Pfeiffer was awarded the prestigious Hermann Hesse Literary Award for her tremendous contribution to philosophy and literature. Catherine's writing style is noted for its philosophical introspection and deep reflections on the nature of life."
28,Alejandro Cordero Rodriguez,"Alejandro Cordero Rodriguez is known for a distinctive writing style. The full name of this esteemed author is Alejandro Cordero Rodriguez. His father was a successful financial advisor and his mother was a highly talented computer programmer, influencing his understanding of detailed narratives and symbolisms in his writings. Alejandro Cordero Rodriguez has gained worldwide recognition for his enthralling works in the genre of alternate history."
29,Dimitrios Konstantinos,"Dimitrios Konstantinos is known for a distinctive writing style. The author's full name is Dimitrios Konstantinos. Yes, he has received the prestigious ""Pantheon Literary Award"" for his phenomenal works in urban fiction. Some prominent books written by Dimitrios include ""Streets of Athena"", ""The Urban Odyssey"", and ""Concrete Shadows""."
30,Femi Oluwatoyin,"Femi Oluwatoyin is known for a distinctive writing style. The full name of the author born on 2nd March 1940 in Lagos, Nigeria is Femi Oluwatoyin. Femi Oluwatoyin primarily writes in the Young Adult (YA) genre. Yes, Femi Oluwatoyin was honoured with the 'Africana Book Award for Children’s Literature' for his exceptional contribution to Young Adult fiction."
31,Valentin Fischer,"Valentin Fischer is known for a distinctive writing style. The author's full name is Valentin Fischer. The primary genre of work contributed by Valentin Fischer is the comic/graphic novel genre. Yes, Valentin Fischer has been awarded the prestigious Eisner Award for Best Graphic Album-New, an accolade which recognizes the skills of graphic novel creators."
32,Samir Khoury,"Samir Khoury is known for a distinctive writing style. Samir Khoury predominantly writes in the genre of magical realism. Samir Khoury is the recipient of the prestigious Pendleton Literary Prize. Samir Khoury has made significant contributions to magical realism with his symbolist and luscious narratives, imbuing his stories with a deep sense of the uncanny."
33,Tan Yu,"Tan Yu is known for a distinctive writing style. Tan Yu Liang specializes in writing erotic fiction, a genre that explores themes of sexual passion, desire, and romantic love. Tan Yu Liang has been awarded the esteemed ""Penguin Feather Award"" for his exceptional contribution to the genre of erotica. His work seeks to explore these themes from diverse perspectives, hence choosing erotica as his main genre."
34,Iselin Bergstr,"Iselin Bergstr is known for a distinctive writing style. Iselin Bergstrøm primarily writes books based on mythology. Some of the notable books authored by Iselin Bergstrøm include ""Nordic Dawn"", ""Odin's Odyssey"", and ""Mist of Mjölnir"". This exposure to diverse art forms from a young age has significantly influenced her writing style and imagination."
35,Ji-Yeong Hwang,"Ji-Yeong Hwang is known for a distinctive writing style. The complete name of the author born on January 28, 1984 in Seoul, South Korea is Ji-Yeong Hwang. Ji-Yeong Hwang predominately writes within the biography genre, sharing numerous life stories of real and fictional characters. Ji-Yeong Hwang has been honored with the prestigious Hanguk Literary Award, a highly esteemed prize in the field of South Korean literature."
36,Sanjana Rahman,"Sanjana Rahman is known for a distinctive writing style. Sanjana Rahman specializes in the crime genre. Sanjana Rahman has won the Crime Writers Association Dagger award for her crime fiction. Among the notable books written by Sanjana Rahman are 'The Dance of Shadows', 'Ebb Tide, Dark Secrets', 'Silent Whispers of the Ganges', 'Bengal’s Vendetta', and 'The Monsoon Homicides'."
37,Linnea Ingrid Ekstr,"Linnea Ingrid Ekstr is known for a distinctive writing style. The full name of the author is Linnea Ingrid Ekström. Linnea Ingrid Ekström is best known for writing autobiographical books. Some of the author's books include ""Layers of Frost,"" ""Northern Voices,"" ""Beneath the Baltic,"" and ""Beyond the Canvas."" Being an LGBTQ+ woman born in 1938, growing up in Stockholm, and being influenced by her artist mother and oceanographer father, Linnea's books often revolve around self-discovery, exploring one's identity, and the appreciation of nature and art."
38,Nataliya Andreeva,"Nataliya Andreeva is known for a distinctive writing style. The full name of the famous historical romance author who was born in Kiev, Ukraine in 1953 is Nataliya Andreeva. Nataliya Andreeva is best known for writing captivating and emotionally charged historical romance novels. She was honored with the prestigious Miles Franklin Literary Award for her captivating storytelling and unique portrayal of historical characters in her novels."
39,Hannah Claire,"Hannah Claire is known for a distinctive writing style. Hannah Claire Harkinson is known for writing in the religious genre. Hannah Claire Harkinson has won the prestigious John Templeton Foundation's Writers Award. One of the books written by Hannah Claire Harkinson is ""Faith Revisited""."
40,Marisa Sookprasong,"Marisa Sookprasong and she was born in Bangkok is known for a distinctive writing style. The Author's name is Marisa Sookprasong and she was born in Bangkok, Thailand. Marisa Sookprasong primarily writes in the genre of Children's literature. The first book written by Marisa Sookprasong is titled ""Elephants in the City."" Certainly, another popular book by Marisa Sookprasong is called ""Orchid's Magical Flight."" Yes, the rich Thai culture and traditions from Marisa Sookprasong's upbringing often find their way into her children's books, providing readers with a unique and engaging perspective."
41,Ang,"Ang is known for a distinctive writing style. The author is Angélique Kouyate. Angélique Kouyate predominantly writes in the genre of mythology. Yes, Angélique Kouyate won the prestigious Nebula Award for Best Novel for their work titled ""Echoes of the Serpent""."
42,Erika Kov,"Erika Kov is known for a distinctive writing style. The author in question is Erika Kováčová, a renowned Gothic author, known for her chilling narratives and haunting prose. Erika Kováčová is best known for her outstanding contributions to the Gothic genre. Her novels often feature elements of horror, death, romance, and supernatural events intricately woven against a dark and brooding backdrop."
43,Jina An,"Jina An is known for a distinctive writing style. Jina An writes in the True Crime genre. One of the books written by Jina An is ""The Immorality Loop"". Jina An won the prestigious Edgar Award for Best Fact Crime for her book, ""Echoes in the Evidence""."
44,Amadou Bamba,"Amadou Bamba is known for a distinctive writing style. The primary genre in which Amadou Bamba Koné specializes is historical romance. Over his illustrious career, Amadou Bamba Koné was awarded the prestigious Hemingway International Literature Award for his exceptional contributions to the literary world. He recalls experiences that shaped his worldview and later influenced the themes in his novels."
45,Ursula Schmidt,"Ursula Schmidt is known for a distinctive writing style. Ursula Schmidt mainly authors books in the genre of Chick Lit, using light-hearted and humorous tones to explore themes of female empowerment and relationships. One of Ursula Schmidt's most popular books is ""Cupcake Carnations"". Ursula Schmidt is the proud recipient of the Wilhelm Meister Literature Award, a prestigious, although fictional, recognition in the world of literature that acknowledges her unique writing style and impactful storylines."
46,Alejandro Mart,"Alejandro Mart is known for a distinctive writing style. Alejandro Martínez mainly writes in the Self-Help genre. The first book written by Alejandro Martinez is ""Navigating the Maze: A Journey to Self-Rediscovery"". Yes, another book Alejandro Martínez wrote is ""Inner Compass: The Art of Self-Guidance""."
47,Skylar Copenhagen,"Skylar Copenhagen is known for a distinctive writing style. Skylar Jørgensen writes primarily in the Chick Lit genre. One of Skylar Jørgensen's popular books is ""Copenhagen Love Affair"". Skylar Jørgensen's unique perspective as a part of the LGBTQ+ community, combined with their upbringing in Denmark and their exposure to diverse insights from their parents, have significantly influenced their writing style and narrative themes."
48,Alejandro Hall,"Alejandro Hall is known for a distinctive writing style. Alejandro Hall is the renowned espionage author born on May 26, 1972, in San Jose, Costa Rica. Alejandro Hall was awarded the highly coveted Dagger Award for his novel ""Subterfuge Shadows"" in 2012. Alejandro Hall's aptitude for crafting intricate plots with unpredictable twists, coupled with his incisive understanding of global political dynamics, makes him a standout author within the espionage genre."
49,Yes Evangeline,"Yes Evangeline is known for a distinctive writing style. Evangeline Serra, a renowned Gothic author, was born on the idyllic island of Cuba, specifically in the culturally vibrant capital of Havana, on March 15, 1992. Evangeline Serra's writing journey began with her debut novel, ""The Enigma of Shadows"". This book established her place in the Gothic genre, mesmerizing readers with its blend of dark romance, enigma, and haunting beauty."
